{"mean":{"confidence_interval":{"confidence_level":0.95,"lower_bound":-0.027174153581383864,"upper_bound":-0.019526712480628317},"point_estimate":-0.023355659945932028,"standard_error":0.002031873471248267},"median":{"confidence_interval":{"confidence_level":0.95,"lower_bound":-0.027174153581383864,"upper_bound":-0.019526712480628317},"point_estimate":-0.023355659945932028,"standard_error":0.002031873471248267}}