{"mean":{"confidence_interval":{"confidence_level":0.95,"lower_bound":20788.991455078125,"upper_bound":20895.21044921875},"point_estimate":20842.100952148438,"standard_error":37.37846375302666},"median":{"confidence_interval":{"confidence_level":0.95,"lower_bound":20788.991455078125,"upper_bound":20895.21044921875},"point_estimate":20842.100952148438,"standard_error":37.37846375302666},"median_abs_dev":{"confidence_interval":{"confidence_level":0.95,"lower_bound":0.0,"upper_bound":78.7401389585284},"point_estimate":78.7401389585284,"standard_error":39.36856372711492},"slope":{"confidence_interval":{"confidence_level":0.95,"lower_bound":20788.991455078125,"upper_bound":20895.21044921875},"point_estimate":20810.23525390625,"standard_error":40.48122281596412},"std_dev":{"confidence_interval":{"confidence_level":0.95,"lower_bound":0.0,"upper_bound":75.10817104765009},"point_estimate":75.10817104765009,"standard_error":37.55264922601412}}