{"mean":{"confidence_interval":{"confidence_level":0.95,"lower_bound":-0.007578240229162758,"upper_bound":-0.003169142895063426},"point_estimate":-0.005374090019078737,"standard_error":0.0014326146535229498},"median":{"confidence_interval":{"confidence_level":0.95,"lower_bound":-0.007578240229162758,"upper_bound":-0.003169142895063426},"point_estimate":-0.005374090019078737,"standard_error":0.0014326146535229498}}